{
    "mean_final_value": 10870.313531965565,
    "median_final_value": 10457.656862309472,
    "min_final_value": 3279.960760087596,
    "max_final_value": 30134.352633341543,
    "5th_percentile_final_value": 6508.636738373004,
    "95th_percentile_final_value": 16677.490267124733,
    "probability_of_loss": 0.439,
    "probability_of_ruin": 0.0054,
    "probability_of_20pct_drawdown": 0.727,
    "probability_of_30pct_drawdown": 0.3256,
    "average_terminal_return": 0.08703135319655665,
    "median_terminal_return": 0.04576568623094712,
    "var_5_terminal_return": -0.3491363261626996,
    "cvar_5_terminal_return": -0.4181806444416869,
    "var_1_terminal_return": -0.4633567524197746,
    "cvar_1_terminal_return": -0.5112398665680712,
    "average_annualized_return": 0.08703135319655664,
    "average_annualized_volatility": 0.2853746856104611,
    "average_max_drawdown": -0.26639867908191184,
    "worst_max_drawdown": -0.706144134188612,
    "average_sharpe_ratio": 0.22356350992482457,
    "average_sortino_ratio": 0.48082328820439124,
    "average_calmar_ratio": 0.7380004680859495,
    "scenario": "stressed_volatility"
}