{
    "mean_final_value": 11362.17357696566,
    "median_final_value": 11204.33553025057,
    "min_final_value": 6381.90513802337,
    "max_final_value": 19559.76518658697,
    "5th_percentile_final_value": 8706.762842244656,
    "95th_percentile_final_value": 14534.787362252073,
    "probability_of_loss": 0.2316,
    "probability_of_ruin": 0.0,
    "probability_of_20pct_drawdown": 0.1082,
    "probability_of_30pct_drawdown": 0.0068,
    "average_terminal_return": 0.13621735769656595,
    "median_terminal_return": 0.12043355302505698,
    "var_5_terminal_return": -0.12932371577553434,
    "cvar_5_terminal_return": -0.17947821579861156,
    "var_1_terminal_return": -0.20885545066557026,
    "cvar_1_terminal_return": -0.24535404685562356,
    "average_annualized_return": 0.13621735769656595,
    "average_annualized_volatility": 0.15859278841930077,
    "average_max_drawdown": -0.1336581602546779,
    "worst_max_drawdown": -0.40502207641659643,
    "average_sharpe_ratio": 0.6817277025264086,
    "average_sortino_ratio": 1.3661802217817813,
    "average_calmar_ratio": 1.5652406470910878,
    "scenario": "baseline_normal"
}