{
    "mean_final_value": 11327.355082643122,
    "median_final_value": 11197.597353406432,
    "min_final_value": 6087.275387131081,
    "max_final_value": 19893.338087271328,
    "5th_percentile_final_value": 8630.516994728836,
    "95th_percentile_final_value": 14574.082816717917,
    "probability_of_loss": 0.2474,
    "probability_of_ruin": 0.0,
    "probability_of_20pct_drawdown": 0.14,
    "probability_of_30pct_drawdown": 0.013,
    "average_terminal_return": 0.13273550826431205,
    "median_terminal_return": 0.11975973534064333,
    "var_5_terminal_return": -0.13694830052711646,
    "cvar_5_terminal_return": -0.19543962114330876,
    "var_1_terminal_return": -0.2364622648701764,
    "cvar_1_terminal_return": -0.2832858059605819,
    "average_annualized_return": 0.13273550826431205,
    "average_annualized_volatility": 0.16856605881789496,
    "average_max_drawdown": -0.1397682598438812,
    "worst_max_drawdown": -0.41687914605339643,
    "average_sharpe_ratio": 0.6517998199836662,
    "average_sortino_ratio": 1.2526917880360844,
    "average_calmar_ratio": 1.5577549283846344,
    "scenario": "historical_block_bootstrap"
}