{
    "mean_final_value": 11388.939239847603,
    "median_final_value": 11258.44137768762,
    "min_final_value": 6019.20463064088,
    "max_final_value": 19648.886467047472,
    "5th_percentile_final_value": 8693.69242084663,
    "95th_percentile_final_value": 14526.392491792998,
    "probability_of_loss": 0.23,
    "probability_of_ruin": 0.0,
    "probability_of_20pct_drawdown": 0.1022,
    "probability_of_30pct_drawdown": 0.007,
    "average_terminal_return": 0.13889392398476055,
    "median_terminal_return": 0.12584413776876202,
    "var_5_terminal_return": -0.130630757915337,
    "cvar_5_terminal_return": -0.18056950616867617,
    "var_1_terminal_return": -0.20650755867455328,
    "cvar_1_terminal_return": -0.25254043665507586,
    "average_annualized_return": 0.13889392398476053,
    "average_annualized_volatility": 0.15866966258610146,
    "average_max_drawdown": -0.13267445671347583,
    "worst_max_drawdown": -0.4582290395696741,
    "average_sharpe_ratio": 0.7036918779014423,
    "average_sortino_ratio": 1.4216949703175967,
    "average_calmar_ratio": 1.623964023561887,
    "scenario": "fat_tail_student_t"
}